Model,F1@1,F1@5,F1@10,Precision@1,Precision@5,Precision@10,Recall@1,Recall@5,Recall@10
ATT2ITM,0.7629581689834595,0.3164568783508407,0.17712295055389404,0.7629581689834595,0.18987412750720978,0.09741762280464172,0.7629581689834595,0.9493706226348877,0.9741762280464172
BOW2ITM,0.7159385681152344,0.30895963476763827,0.1750866667298246,0.7159385681152344,0.18537577986717224,0.09629766643047333,0.7159385681152344,0.9268789291381836,0.9629766941070557
GridSearch_BPR,0.14816531090080892,0.17818015343795068,0.16120274721990918,0.19425142135186355,0.12299431459255138,0.09722046746684279,0.1320236277812873,0.40485515747676176,0.6198731061175783
GridSearch_EASEᴿ,0.16511624794018548,0.19132877133230175,0.16549147184028665,0.21272899557801642,0.1320593809223065,0.0997946936197176,0.14823230329192122,0.4324531668321145,0.6358960595714381
MostPop,0.14816531090080892,0.17818015343795068,0.16120274721990918,0.19425142135186355,0.12299431459255138,0.09722046746684279,0.1320236277812873,0.40485515747676176,0.6198731061175783
USEM2ITM,0.7731395959854126,0.31633344872130287,0.17660126065419726,0.7731395959854126,0.18980006873607635,0.09713069349527359,0.7731395959854126,0.949000358581543,0.9713069200515747
