epoch,NDCG@10,e_time,f1,loss,lr,p10,p5,r1,r10,r5,val_NDCG@10,val_e_time,val_f1,val_loss,val_lr,val_p10,val_p5,val_r1,val_r10,val_r5
0,0.05526898801326752,138.7953610420227,0.0027621693443506956,7.190070152282715,9.9901e-06,0.00908639095723629,0.01301972009241581,0.027942286804318428,0.09086392819881439,0.0650985985994339,NA,NA,NA,NA,NA,NA,NA,NA,NA,NA
1,0.09430818259716034,136.59289956092834,0.0035400460474193096,6.797632217407227,9.9802e-06,0.014408553019165993,0.021831205114722252,0.05544837564229965,0.14408554136753082,0.10915599763393402,NA,NA,NA,NA,NA,NA,NA,NA,NA,NA
2,0.13238798081874847,136.60429310798645,0.003507602959871292,6.390723705291748,9.9703e-06,0.019818756729364395,0.030505646020174026,0.0808434784412384,0.19818897545337677,0.15252813696861267,NA,NA,NA,NA,NA,NA,NA,NA,NA,NA
3,0.1631534844636917,136.59654140472412,0.00366255734115839,6.021963596343994,9.9604e-06,0.024289805442094803,0.03774302080273628,0.09990562498569489,0.2428993135690689,0.18870972096920013,NA,NA,NA,NA,NA,NA,NA,NA,NA,NA
4,0.18645504117012024,136.60896062850952,0.004353165160864592,5.759211540222168,9.9505005e-06,0.027651501819491386,0.04325529560446739,0.11428132653236389,0.27651622891426086,0.21627235412597656,NA,NA,NA,NA,NA,NA,NA,NA,NA,NA
5,0.20677241683006287,136.61603426933289,0.005609206855297089,5.5541090965271,9.940601e-06,0.030520856380462646,0.04792768880724907,0.12766346335411072,0.3052110970020294,0.2396332174539566,NA,NA,NA,NA,NA,NA,NA,NA,NA,NA
