Model,F1@1,F1@5,F1@10,Precision@1,Precision@5,Precision@10,Recall@1,Recall@5,Recall@10
ATT2ITM,0.3791394829750061,0.19447864136762077,0.11989524492547528,0.3791394829750061,0.11668718606233597,0.06594238430261612,0.3791394829750061,0.5834358930587769,0.6594238877296448
BOW2ITM,0.3532254099845886,0.1826603454020288,0.11298445753814756,0.3532254099845886,0.10959620773792267,0.062141451984643936,0.3532254099845886,0.5479810237884521,0.6214144825935364
GridSearch_BPR,0.016413555159402134,0.01919425600500663,0.017193606246499918,0.02039582188015393,0.013117097306211929,0.010357339197360843,0.015120198421795602,0.045876016450896534,0.07059405382344343
GridSearch_EASEᴿ,0.023238290804918443,0.027368171500076508,0.023362388215715093,0.028202308960967565,0.018746564046178648,0.014095656954370006,0.02163496320621404,0.06516956385459706,0.09451038829752348
MostPop,0.016413555159402134,0.01919425600500663,0.017193606246499918,0.02039582188015393,0.013117097306211929,0.010357339197360843,0.015120198421795602,0.045876016450896534,0.07059405382344343
USEM2ITM,0.3301120400428772,0.1746891558998161,0.10884357459288983,0.3301120400428772,0.10481349378824234,0.05986396595835686,0.3301120400428772,0.5240674614906311,0.5986396670341492
