Model,NDCG@-1,NDCG@1,NDCG@10,F1@1,F1@5,F1@10,Precision@1,Precision@5,Precision@10,Recall@1,Recall@5,Recall@10
ATT2ITM,0.8891003131866455,0.7793017625808716,0.8833838105201721,0.7793017625808716,0.31656968179676265,0.177510773347429,0.7793017625808716,0.18994180858135223,0.09763092547655106,0.7793017625808716,0.9497090578079224,0.9763092398643494
BOW2ITM,0.8725389838218689,0.7492380142211914,0.8657087087631226,0.7492380142211914,0.31250576509369726,0.1765031839205214,0.7492380142211914,0.18750345706939697,0.09707675129175186,0.7492380142211914,0.9375173449516296,0.9707674980163574
GridSearch_BPR,0.5315172157290358,0.23292836196062003,0.46449869841130753,0.19163025914177959,0.2209408330114308,0.1810943686495428,0.23292836196062003,0.14725596983661943,0.10670297444491647,0.17570130958275068,0.5293763084190399,0.7468564996424231
GridSearch_EASEᴿ,0.5629256362924275,0.2873900293255132,0.5009769441437498,0.23858649031460022,0.23486917472045601,0.18576579867183068,0.2873900293255132,0.15664013405949495,0.10950984499372293,0.21948234816898413,0.5618825002675027,0.764889786004155
MostPop,0.531524181448166,0.23292836196062003,0.46449869841130753,0.19163025914177959,0.2209408330114308,0.1810943686495428,0.23292836196062003,0.14725596983661943,0.10670297444491647,0.17570130958275068,0.5293763084190399,0.7468564996424231
USEM2ITM,0.8979824781417847,0.7991133332252502,0.8921695947647095,0.7991133332252502,0.31726240780618437,0.17728405993832042,0.7991133332252502,0.19035744667053223,0.09750623255968094,0.7991133332252502,0.9517871737480164,0.975062370300293
