Model,F1@-1,F1@1,F1@5,F1@10,Recall@-1,Recall@1,Recall@5,Recall@10,Precision@-1,Precision@1,Precision@5,Precision@10,NDCG@-1,NDCG@1,NDCG@10
ATT2ITM,0.5611150268916355,0.7793017625808716,0.31656968179676265,0.177510773347429,0.8840398788452148,0.7793017625808716,0.9497090578079224,0.9763092398643494,0.4109880328178406,0.7793017625808716,0.18994180858135223,0.09763092547655106,0.8891003131866455,0.7793017625808716,0.8833838105201721
BOW2ITM,0.14297330952998097,0.7492380142211914,0.31250576509369726,0.1765031839205214,0.9865613579750061,0.7492380142211914,0.9375173449516296,0.9707674980163574,0.07707127183675766,0.7492380142211914,0.18750345706939697,0.09707675129175186,0.8725389838218689,0.7492380142211914,0.8657087087631226
GridSearch_BPR,0.048146736931114646,0.18513458297155103,0.20560892648844267,0.1634459085781721,1.0,0.17595836809279786,0.5334459823734047,0.7477047403397062,0.024813673991366046,0.20629245620307474,0.13146228101537868,0.09370754379693257,0.5149402759986091,0.20629245620307474,0.45074752250316175
GridSearch_EASEᴿ,0.048146736931114646,0.2611156511228012,0.22239478135974228,0.16833275963607724,1.0,0.24788165892027178,0.5783010141251114,0.7699960558648435,0.024813673991366046,0.29174115123346445,0.14211655345013238,0.09651412227387253,0.5637631483684409,0.29174115123346445,0.5055685804605373
MF,0.048146736931114646,0.0020557740436181623,0.1453684658010765,0.1293109888560234,1.0,0.0018829698486473602,0.38205588754391034,0.5966649357872098,0.024813673991366046,0.0025026814444047193,0.09249195566678263,0.07398998927422662,0.35167332996412376,0.0025026814444047193,0.2529822025563364
MostPop,0.048146736931114646,0.18513458297155103,0.2028673656221061,0.1629827969582041,1.0,0.17595836809279786,0.5284674339286425,0.7479279102893689,0.024813673991366046,0.20629245620307474,0.12953164104398052,0.09336789417233468,0.5147731926690132,0.20629245620307474,0.45041457434226506
USEM2ITM,0.1505211650118143,0.7991133332252502,0.31726240780618437,0.17728405993832042,0.9803269505500793,0.7991133332252502,0.9517871737480164,0.975062370300293,0.08151885867118835,0.7991133332252502,0.19035744667053223,0.09750623255968094,0.8979824781417847,0.7991133332252502,0.8921695947647095
