Model,NDCG@-1,NDCG@1,NDCG@10,F1@1,F1@5,F1@10,Precision@1,Precision@5,Precision@10,Recall@1,Recall@5,Recall@10
ATT2ITM,0.8891003131866455,0.7793017625808716,0.8833838105201721,0.7793017625808716,0.31656968179676265,0.177510773347429,0.7793017625808716,0.18994180858135223,0.09763092547655106,0.7793017625808716,0.9497090578079224,0.9763092398643494
BOW2ITM,0.8725389838218689,0.7492380142211914,0.8657087087631226,0.7492380142211914,0.31250576509369726,0.1765031839205214,0.7492380142211914,0.18750345706939697,0.09707675129175186,0.7492380142211914,0.9375173449516296,0.9707674980163574
GridSearch_BPR,0.5147660864799173,0.20629245620307474,0.45056325268761266,0.18513458297155103,0.2028673656221061,0.1634459085781721,0.20629245620307474,0.12953164104398052,0.09370754379693257,0.17595836809279786,0.5284674339286425,0.7477047403397062
GridSearch_EASEᴿ,0.5637631483684409,0.29174115123346445,0.5055685804605373,0.2611156511228012,0.22239478135974228,0.16833275963607724,0.29174115123346445,0.14211655345013238,0.09651412227387253,0.24788165892027178,0.5783010141251114,0.7699960558648435
MostPop,0.5147728300459559,0.20629245620307474,0.45041457434226506,0.18513458297155103,0.2028673656221061,0.1629827969582041,0.20629245620307474,0.12953164104398052,0.09336789417233468,0.17595836809279786,0.5284674339286425,0.7479279102893689
USEM2ITM,0.8979824781417847,0.7991133332252502,0.8921695947647095,0.7991133332252502,0.31726240780618437,0.17728405993832042,0.7991133332252502,0.19035744667053223,0.09750623255968094,0.7991133332252502,0.9517871737480164,0.975062370300293
