Model,NDCG@-1,NDCG@1,NDCG@10,F1@1,F1@5,F1@10,Precision@1,Precision@5,Precision@10,Recall@1,Recall@5,Recall@10
ATT2ITM,0.8539680242538452,0.7151846885681152,0.8454810976982117,0.7151846885681152,0.30955987754795283,0.17514381871735754,0.7151846885681152,0.18573592603206635,0.09632910043001175,0.7151846885681152,0.9286796450614929,0.9632909893989563
BOW2ITM,0.8410143852233887,0.7009672522544861,0.829330325126648,0.7009672522544861,0.303694208463033,0.17251644597565832,0.7009672522544861,0.18221652507781982,0.09488404542207718,0.7009672522544861,0.9110826253890991,0.9488404393196106
GridSearch_BPR,0.48573096227009205,0.2101127434233003,0.40066355490021244,0.17914700842186282,0.18396959681551953,0.1516872831088455,0.2101127434233003,0.120567133583878,0.08833276392211098,0.16696886134023137,0.4576896952836482,0.6593406489118823
GridSearch_EASEᴿ,0.49935322251769243,0.217458148274684,0.41985499375637264,0.18542761427541016,0.19367114398717045,0.15642645851106343,0.217458148274684,0.12681926887598707,0.0911342671677553,0.17273415003172438,0.4826754600029282,0.6787080194792867
MostPop,0.4857398850047244,0.2101127434233003,0.40066355490021244,0.17914700842186282,0.18396959681551953,0.1516872831088455,0.2101127434233003,0.120567133583878,0.08833276392211098,0.16696886134023137,0.4576896952836482,0.6593406489118823
USEM2ITM,0.8542130589485168,0.7314998507499695,0.8429543375968933,0.7314998507499695,0.3048984209696452,0.17266476646927761,0.7314998507499695,0.1829390525817871,0.0949656218290329,0.7314998507499695,0.9146952629089355,0.9496561884880066
