Model,F1@-1,F1@1,F1@5,F1@10,Recall@-1,Recall@1,Recall@5,Recall@10,Precision@-1,Precision@1,Precision@5,Precision@10,NDCG@-1,NDCG@1,NDCG@10
ATT2ITM,0.45221738713872334,0.7151846885681152,0.30955987754795283,0.17514381871735754,0.8746066689491272,0.7151846885681152,0.9286796450614929,0.9632909893989563,0.3049449324607849,0.7151846885681152,0.18573592603206635,0.09632910043001175,0.8539680242538452,0.7151846885681152,0.8454810976982117
BOW2ITM,0.10839735058194852,0.7009672522544861,0.303694208463033,0.17251644597565832,0.9808880090713501,0.7009672522544861,0.9110826253890991,0.9488404393196106,0.05736855790019035,0.7009672522544861,0.18221652507781982,0.09488404542207718,0.8410143852233887,0.7009672522544861,0.829330325126648
GridSearch_BPR,0.029181605716158025,0.17480942210490683,0.17287372886389643,0.1404147425519822,1.0,0.16709542258268234,0.45857967137582695,0.659742119666125,0.014867988342636026,0.19311578006258381,0.10973029354791067,0.08012218745344139,0.4750965192216064,0.19311578006258381,0.3923960908089205
GridSearch_EASEᴿ,0.029181605716158025,0.1845993192886351,0.18663804779137724,0.1464921254523149,1.0,0.17663200431416798,0.49373818866442915,0.6862270662002444,0.014867988342636026,0.20339740724184174,0.11855163164953648,0.08365370287588271,0.4925164387744412,0.20339740724184174,0.41739796639958515
MF,0.029181605716158025,0.06846589229244578,0.12352855260768027,0.08861331578423345,1.0,0.06422333151211113,0.3274004063454219,0.41671060069584875,0.014867988342636026,0.07912382655341976,0.0784383847414668,0.05060348681269687,0.3685844867256266,0.07912382655341976,0.24270198373712207
MostPop,0.029181605716158025,0.17480942210490683,0.17287372886389643,0.1404147425519822,1.0,0.16709542258268234,0.45857967137582695,0.659742119666125,0.014867988342636026,0.19311578006258381,0.10973029354791067,0.08012218745344139,0.47464538564598685,0.19311578006258381,0.39193082383262173
USEM2ITM,0.1055624086823024,0.7314998507499695,0.3048984209696452,0.17266476646927761,0.9671366810798645,0.7314998507499695,0.9146952629089355,0.9496561884880066,0.05582800135016441,0.7314998507499695,0.1829390525817871,0.0949656218290329,0.8542130589485168,0.7314998507499695,0.8429543375968933
