Model,NDCG@-1,NDCG@1,NDCG@10,F1@1,F1@5,F1@10,Precision@1,Precision@5,Precision@10,Recall@1,Recall@5,Recall@10
ATT2ITM,0.8539680242538452,0.7151846885681152,0.8454810976982117,0.7151846885681152,0.30955987754795283,0.17514381871735754,0.7151846885681152,0.18573592603206635,0.09632910043001175,0.7151846885681152,0.9286796450614929,0.9632909893989563
BOW2ITM,0.8410143852233887,0.7009672522544861,0.829330325126648,0.7009672522544861,0.303694208463033,0.17251644597565832,0.7009672522544861,0.18221652507781982,0.09488404542207718,0.7009672522544861,0.9110826253890991,0.9488404393196106
GridSearch_BPR,0.47489935690278606,0.19311578006258381,0.3922300775137381,0.17480942210490683,0.17287372886389643,0.14041474255198216,0.19311578006258381,0.10973029354791067,0.0801221874534414,0.16709542258268234,0.45857967137582695,0.659742119666125
GridSearch_EASEᴿ,0.49250345422234715,0.20339740724184174,0.4173979663995852,0.1845993192886351,0.18663804779137722,0.14649212545231494,0.20339740724184174,0.1185516316495365,0.08365370287588272,0.17663200431416798,0.49373818866442915,0.6862270662002444
MostPop,0.47464569404757495,0.19311578006258381,0.3919308238326216,0.17480942210490683,0.17287372886389643,0.14041474255198216,0.19311578006258381,0.10973029354791067,0.0801221874534414,0.16709542258268234,0.45857967137582695,0.659742119666125
USEM2ITM,0.8542130589485168,0.7314998507499695,0.8429543375968933,0.7314998507499695,0.3048984209696452,0.17266476646927761,0.7314998507499695,0.1829390525817871,0.0949656218290329,0.7314998507499695,0.9146952629089355,0.9496561884880066
