Model,F1@-1,F1@1,F1@5,F1@10,Recall@-1,Recall@1,Recall@5,Recall@10,Recall@20,Recall@50,Precision@-1,Precision@1,Precision@5,Precision@10,NDCG@-1,NDCG@1,NDCG@10,NDCG@50,NDCG@100
ATT2ITM,0.2686466454159387,0.4334745705127716,0.2268361565139558,0.14106316999955612,0.16864407062530518,0.4334745705127716,0.6805084943771362,0.7758474349975586,0.8622881174087524,0.9563559293746948,0.6600331664085388,0.4334745705127716,0.13610169291496277,0.07758474349975586,0.6426919102668762,0.4334745705127716,0.5949940085411072,0.635715126991272,0.641019880771637
BOW2ITM,0.0319637976000565,0.380084753036499,0.20748587863312826,0.13120185245167126,0.939830482006073,0.380084753036499,0.6224576234817505,0.7216101884841919,0.8207626938819885,0.9220339059829712,0.016258373856544495,0.380084753036499,0.12449152767658234,0.07216101884841919,0.5974893569946289,0.37966102361679077,0.5396320223808289,0.5852048993110657,0.5943599939346313
BiVAECF,0.017698855269429752,0.08157876057876058,0.07512384912384906,0.0635959689719287,1.0,0.07774839124839124,0.19583605583605582,0.29350376200376194,0.4265274725274724,0.6854398574398575,0.008966875593739248,0.09297297297297297,0.04875675675675714,0.03675675675675697,0.3197052131902239,0.09297297297297297,0.17848892608960135,0.26807281576967984,0.3022655919894307
USEM2ITM,0.034820583259164706,0.43474575877189636,0.2104519804318746,0.12996918751188546,0.8953390121459961,0.43474575877189636,0.6313559412956238,0.7148305177688599,0.7978813648223877,0.8940678238868713,0.017755556851625443,0.43474575877189636,0.12627118825912476,0.0714830532670021,0.6212556958198547,0.43474575877189636,0.5646027326583862,0.6048242449760437,0.6154165267944336
