Model,NDCG@-1,NDCG@1,NDCG@10,F1@1,F1@5,F1@10,Precision@1,Precision@5,Precision@10,Recall@1,Recall@5,Recall@10
ATT2ITM,0.6429080367088318,0.43389829993247986,0.5952140688896179,0.43389829993247986,0.2268361565139558,0.14106316999955612,0.43389829993247986,0.13610169291496277,0.07758474349975586,0.43389829993247986,0.6805084943771362,0.7758474349975586
BOW2ITM,0.5974993705749512,0.37966102361679077,0.5396417379379272,0.380084753036499,0.20748587863312826,0.13120185245167126,0.380084753036499,0.12449152767658234,0.07216101884841919,0.380084753036499,0.6224576234817505,0.7216101884841919
GridSearch_BPR,0.2964662031624938,0.06648648648648649,0.15081553368182746,0.0621981981981982,0.0636777546777544,0.053962064263854956,0.06648648648648649,0.04010810810810839,0.0309189189189192,0.0604054054054054,0.1733661518661519,0.25448044748044746
GridSearch_EASEᴿ,0.2959629315207772,0.07675675675675675,0.15019774753299725,0.06830630630630632,0.06535300135300111,0.05424020318138007,0.07675675675675675,0.042162162162162446,0.031189189189189472,0.06492792792792791,0.16946010296010297,0.25037001287001287
MostPop,0.2963927841554928,0.06648648648648649,0.1507924511179428,0.0621981981981982,0.0636777546777544,0.053962064263854956,0.06648648648648649,0.04010810810810839,0.0309189189189192,0.0604054054054054,0.1733661518661519,0.25448044748044746
USEM2ITM,0.621239185333252,0.43474575877189636,0.5644705295562744,0.43474575877189636,0.2104519804318746,0.12989213594720378,0.43474575877189636,0.12627118825912476,0.0714406743645668,0.43474575877189636,0.6313559412956238,0.7144067883491516
