Model,NDCG@-1,NDCG@1,NDCG@10,F1@1,F1@5,F1@10,Precision@1,Precision@5,Precision@10,Recall@1,Recall@5,Recall@10
ATT2ITM,0.6429080367088318,0.43389829993247986,0.5952140688896179,0.43389829993247986,0.2268361565139558,0.14106316999955612,0.43389829993247986,0.13610169291496277,0.07758474349975586,0.43389829993247986,0.6805084943771362,0.7758474349975586
BOW2ITM,0.5974993705749512,0.37966102361679077,0.5396417379379272,0.380084753036499,0.20748587863312826,0.13120185245167126,0.380084753036499,0.12449152767658234,0.07216101884841919,0.380084753036499,0.6224576234817505,0.7216101884841919
GridSearch_BPR,0.3061950541106025,0.0705421293272371,0.16134161675219108,0.06391610421656144,0.0708349147767826,0.06012670979512131,0.0705421293272371,0.045721750489876194,0.0349444807315483,0.061479425212279545,0.18566039700918868,0.27148177680509494
GridSearch_EASEᴿ,0.3011026262689675,0.07576747224036577,0.15533762533334355,0.06855359605196314,0.06981981839917811,0.05834972079504611,0.07576747224036577,0.04559111691704796,0.03396472893533666,0.06577944698454168,0.1772780760860448,0.26070109040389905
MostPop,0.306276243378811,0.0705421293272371,0.16171086653901912,0.06391610421656144,0.0708349147767826,0.060278600200200205,0.0705421293272371,0.045721750489876194,0.03500979751796241,0.061479425212279545,0.18566039700918868,0.2725073823049003
USEM2ITM,0.621239185333252,0.43474575877189636,0.5644705295562744,0.43474575877189636,0.2104519804318746,0.12989213594720378,0.43474575877189636,0.12627118825912476,0.0714406743645668,0.43474575877189636,0.6313559412956238,0.7144067883491516
