Model,F1@-1,F1@1,F1@5,F1@10,Recall@-1,Recall@1,Recall@5,Recall@10,Recall@20,Recall@50,Precision@-1,Precision@1,Precision@5,Precision@10,NDCG@-1,NDCG@1,NDCG@10,NDCG@50,NDCG@100
ATT2ITM,0.2686466454159387,0.43389829993247986,0.2268361565139558,0.14106316999955612,0.16864407062530518,0.43389829993247986,0.6805084943771362,0.7758474349975586,0.8622881174087524,0.9563559293746948,0.6600331664085388,0.43389829993247986,0.13610169291496277,0.07758474349975586,0.6429080367088318,0.43389829993247986,0.5952140688896179,0.6359303593635559,0.641235888004303
BOW2ITM,0.03197116969435808,0.380084753036499,0.20748587863312826,0.13120185245167126,0.939830482006073,0.380084753036499,0.6224576234817505,0.7216101884841919,0.8207626938819885,0.9220339059829712,0.01626218855381012,0.380084753036499,0.12449152767658234,0.07216101884841919,0.5974993705749512,0.37966102361679077,0.5396417379379272,0.5852146148681641,0.5943699479103088
MF,0.01692910270942491,0.029252252252252253,0.023337194337194358,0.020978004860357818,1.0,0.027347490347490344,0.060280566280566286,0.09569948519948519,0.20096589446589444,0.3911556281556281,0.008561581715943798,0.034594594594594595,0.015135135135135099,0.012108108108108136,0.22243914084324296,0.034594594594594595,0.05623636532608975,0.12330676629848909,0.18909751887189544
MostPop,0.01692910270942491,0.062198198198198204,0.06367775467775441,0.05396206426385496,1.0,0.0604054054054054,0.1733661518661519,0.25448044748044746,0.37971676071676075,0.6102883377883377,0.008561581715943798,0.06648648648648649,0.04010810810810839,0.030918918918919198,0.29639112798615047,0.06648648648648649,0.1507924511179428,0.23200652404484873,0.27328696668459657
USEM2ITM,0.034822015985538364,0.43474575877189636,0.2104519804318746,0.12989213594720378,0.8953390121459961,0.43474575877189636,0.6313559412956238,0.7144067883491516,0.7978813648223877,0.8940678238868713,0.017756301909685135,0.43474575877189636,0.12627118825912476,0.0714406743645668,0.621239185333252,0.43474575877189636,0.5644705295562744,0.6048077344894409,0.6154000163078308
online_ibpr,0.01692910270942491,0.019626769626769628,0.01595709995709994,0.014927628303587428,1.0,0.01914067914067914,0.04176784476784477,0.06965241065241064,0.12471289971289971,0.29823364023364024,0.008561581715943798,0.02108108108108108,0.010378378378378359,0.008648648648648628,0.20367309395514682,0.02108108108108108,0.04100398317057181,0.09113043454441767,0.1475568627865983
