Model,NDCG@-1,NDCG@1,NDCG@10,F1@1,F1@5,F1@10,Precision@1,Precision@5,Precision@10,Recall@1,Recall@5,Recall@10
ATT2ITM,0.572415292263031,0.3791394829750061,0.5126505494117737,0.3791394829750061,0.19447864136762077,0.11989524492547528,0.3791394829750061,0.11668718606233597,0.06594238430261612,0.3791394829750061,0.5834358930587769,0.6594238877296448
BOW2ITM,0.5445130467414856,0.3528560996055603,0.4808982312679291,0.3532254099845886,0.1826603454020288,0.11298445753814756,0.3532254099845886,0.10959620773792267,0.062141451984643936,0.3532254099845886,0.5479810237884521,0.6214144825935364
GridSearch_BPR,0.16984397058905396,0.017969803768002435,0.04002502161540679,0.01547529489420377,0.017681064185309715,0.015542688518617034,0.017969803768002435,0.011460644824435177,0.009028412304746665,0.014566417715484415,0.04579144827480556,0.07009916954114843
GridSearch_EASEᴿ,0.19065062952536138,0.03145803419919071,0.06286802554049307,0.027208930824646815,0.028454342649657172,0.02361236726399262,0.03145803419919071,0.018709480920679828,0.013879824217900372,0.025661082138696025,0.07212791970003823,0.10309418743859407
MostPop,0.16966854746481014,0.017969803768002435,0.03984885025826967,0.01547529489420377,0.017681064185309715,0.015542688518617034,0.017969803768002435,0.011460644824435177,0.009028412304746665,0.014566417715484415,0.04579144827480556,0.07009916954114843
USEM2ITM,0.5249127745628357,0.3300812542438507,0.45736753940582275,0.3301120400428772,0.1746891558998161,0.10884357459288983,0.3301120400428772,0.10481349378824234,0.05986396595835686,0.3301120400428772,0.5240674614906311,0.5986396670341492
