epoch,loss,lr,mean_absolute_error
0,582.1608276367188,0.000499505,18.90718650817871
1,125.75420379638672,0.00049901,8.73853874206543
2,111.5879898071289,0.00049851503,8.256135940551758
3,98.95394897460938,0.00049802003,7.7848992347717285
4,79.3343505859375,0.00049752503,7.009401798248291
5,54.73823928833008,0.00049703004,6.0001044273376465
6,46.323490142822266,0.00049653504,5.430991172790527
7,42.871463775634766,0.00049604004,5.195973873138428
8,39.88652038574219,0.00049554504,4.995097637176514
9,38.25440216064453,0.00049505004,4.871419429779053
10,36.344573974609375,0.00049455505,4.753387451171875
11,34.776153564453125,0.00049406005,4.635774612426758
12,33.75898742675781,0.00049356505,4.573272228240967
13,32.85945510864258,0.00049307005,4.50779914855957
14,31.302148818969727,0.00049257505,4.404285907745361
15,30.386289596557617,0.00049208006,4.327261447906494
16,29.69197654724121,0.00049158506,4.268855094909668
17,28.408540725708008,0.00049109006,4.1946306228637695
18,27.965715408325195,0.00049059506,4.14019775390625
