Model,NDCG@-1,NDCG@1,NDCG@10,F1@1,F1@5,F1@10,Precision@1,Precision@5,Precision@10,Recall@1,Recall@5,Recall@10
ATT2ITM,0.5281693339347839,0.3232499957084656,0.4592688977718353,0.3232499957084656,0.176127676334646,0.11103997200973763,0.3232499957084656,0.10567660629749298,0.061071984469890594,0.3232499957084656,0.5283830165863037,0.6107198596000671
BOW2ITM,0.4877307713031769,0.2842558026313782,0.41301655769348145,0.2844448685646057,0.1594113806883494,0.10169855622220628,0.2844448685646057,0.09564682841300964,0.055934205651283264,0.2844448685646057,0.4782341420650482,0.559342086315155
GridSearch_BPR,0.16670097972551226,0.01194723305401145,0.030243022186916393,0.009398087738749814,0.014020426381492215,0.013485167767474219,0.01194723305401145,0.009624159960175977,0.008163942586907714,0.008607541009897518,0.03339947259375726,0.05475112866910302
GridSearch_EASEᴿ,0.18226741416395004,0.02596863851323322,0.04809161988601527,0.021010677514452496,0.021878218118520695,0.018938420182674148,0.02596863851323322,0.014983821455239223,0.01139965153903565,0.01942804699291135,0.05232545006406248,0.07759919447105126
MostPop,0.1666986580391633,0.01194723305401145,0.03024026466913832,0.009398087738749814,0.014020426381492215,0.013485167767474219,0.01194723305401145,0.009624159960175977,0.008163942586907714,0.008607541009897518,0.03339947259375726,0.05475112866910302
USEM2ITM,0.48885172605514526,0.28685539960861206,0.41367343068122864,0.28685539960861206,0.1597737529211574,0.10142355492292357,0.28685539960861206,0.09586425125598907,0.05578295513987541,0.28685539960861206,0.47932127118110657,0.5578295588493347
