Model,NDCG@-1,NDCG@1,NDCG@10,F1@1,F1@5,F1@10,Precision@1,Precision@5,Precision@10,Recall@1,Recall@5,Recall@10
ATT2ITM,0.5281693339347839,0.3232499957084656,0.4592688977718353,0.3232499957084656,0.176127676334646,0.11103997200973763,0.3232499957084656,0.10567660629749298,0.061071984469890594,0.3232499957084656,0.5283830165863037,0.6107198596000671
BOW2ITM,0.4877307713031769,0.2842558026313782,0.41301655769348145,0.2844448685646057,0.1594113806883494,0.10169855622220628,0.2844448685646057,0.09564682841300964,0.055934205651283264,0.2844448685646057,0.4782341420650482,0.559342086315155
GridSearch_BPR,0.16061923274118017,0.010141853373989129,0.02772948633198113,0.0082633975978799,0.012425817383472003,0.011888689315355024,0.010141853373989129,0.008259313270582077,0.006993238764417229,0.007655844347147543,0.03106260039840843,0.05208417387258696
GridSearch_EASEᴿ,0.18542584925564215,0.0294975473949357,0.055366544069634475,0.02533448109478867,0.024662295833822345,0.020648590045286033,0.0294975473949357,0.0163330239957573,0.012150338061778745,0.02382749437137612,0.061960485143713814,0.0902545610194673
MostPop,0.16056470180446936,0.010141853373989129,0.027683678752112927,0.0082633975978799,0.012425817383472003,0.011888689315355024,0.010141853373989129,0.008259313270582077,0.006993238764417229,0.007655844347147543,0.03106260039840843,0.05208417387258696
USEM2ITM,0.48885172605514526,0.28685539960861206,0.41367343068122864,0.28685539960861206,0.1597737529211574,0.10142355492292357,0.28685539960861206,0.09586425125598907,0.05578295513987541,0.28685539960861206,0.47932127118110657,0.5578295588493347
