Model,F1@-1,F1@1,F1@5,F1@10,Recall@-1,Recall@1,Recall@5,Recall@10,Precision@-1,Precision@1,Precision@5,Precision@10,NDCG@-1,NDCG@1,NDCG@10
ATT2ITM,0.7006106056636661,0.7658023834228516,0.31424052764972044,0.17778188039448634,0.6027792096138,0.7658023834228516,0.9427215456962585,0.9778003692626953,0.8363507986068726,0.7658023834228516,0.18854431807994843,0.09778003394603729,0.8807642459869385,0.7658023834228516,0.8754671812057495
BOW2ITM,0.10419859357736898,0.7230978012084961,0.31034288389815223,0.17550184017370554,0.9908490180969238,0.7230978012084961,0.9310286641120911,0.9652601480484009,0.0549907349050045,0.7230978012084961,0.18620572984218597,0.09652601182460785,0.8585981726646423,0.7230978012084961,0.8505347967147827
GridSearch_BPR,0.039808902520166486,0.12682059101139914,0.15155308884344165,0.13367756497466082,1.0,0.12019893995498435,0.3944404684112808,0.6167785142082682,0.020402236259347964,0.14201698976257895,0.09679808320626976,0.07645393160531708,0.4408560218773699,0.14201698976257895,0.3457053390621198
GridSearch_EASEᴿ,0.039808902520166486,0.15585565962390177,0.17012930437021462,0.1409435930918374,1.0,0.1478399767661366,0.4418327092689976,0.6436777615279035,0.020402236259347964,0.17425397516880853,0.1087780439991247,0.08078849923764189,0.465330039454798,0.17425397516880853,0.37803115852373015
MF,0.039808902520166486,0.06283307921295289,0.08554143042271874,0.06938978935685815,1.0,0.059609380672329924,0.22304750841017457,0.31678007004733216,0.020402236259347964,0.07013722500544543,0.05458505772162807,0.0397952515791754,0.32735476001383434,0.07013722500544543,0.17767450692540232
MostPop,0.039808902520166486,0.12682059101139914,0.15155308884344165,0.13367756497466082,1.0,0.12019893995498435,0.3944404684112808,0.6167785142082682,0.020402236259347964,0.14201698976257895,0.09679808320626976,0.07645393160531708,0.4408657971989508,0.14201698976257895,0.3457053390621198
USEM2ITM,0.11977138646237039,0.7656329274177551,0.3143535057703654,0.1765186136419123,0.980172872543335,0.7656329274177551,0.9430605173110962,0.9708523750305176,0.06378262490034103,0.7656329274177551,0.18861210346221924,0.09708523750305176,0.8800721168518066,0.7656329274177551,0.8733294606208801
