Model,F1@1,F1@5,F1@10,Precision@1,Precision@5,Precision@10,Recall@1,Recall@5,Recall@10
ATT2ITM,0.7658023834228516,0.31424052764972044,0.17778188039448634,0.7658023834228516,0.18854431807994843,0.09778003394603729,0.7658023834228516,0.9427215456962585,0.9778003692626953
BOW2ITM,0.7230978012084961,0.31034288389815223,0.17550184017370554,0.7230978012084961,0.18620572984218597,0.09652601182460785,0.7230978012084961,0.9310286641120911,0.9652601480484009
GridSearch_BPR,0.13374193758021818,0.16465827515785506,0.14796491285254662,0.16274309109518936,0.10992835209825645,0.08694984646878429,0.12247099965881948,0.3932156869912755,0.6168494419262075
GridSearch_EASEᴿ,0.14967141070007,0.1756430682562625,0.1541800125019273,0.18219037871033777,0.11709314227225809,0.09060900716479288,0.13694984646878194,0.42093050884632277,0.6416727591753182
MostPop,0.13374193758021818,0.16465827515785506,0.14796491285254662,0.16274309109518936,0.10992835209825645,0.08694984646878429,0.12247099965881948,0.3932156869912755,0.6168494419262075
USEM2ITM,0.7656329274177551,0.3143535057703654,0.1765186136419123,0.7656329274177551,0.18861210346221924,0.09708523750305176,0.7656329274177551,0.9430605173110962,0.9708523750305176
