Model,F1@1,F1@5,F1@10,Precision@1,Precision@5,Precision@10,Recall@1,Recall@5,Recall@10
ATT2ITM,0.4052196145057678,0.187014639377594,0.11279440049297554,0.4052196145057678,0.1122087836265564,0.062036920338869095,0.4052196145057678,0.561043918132782,0.6203691959381104
BOW2ITM,0.33876511454582214,0.16732441965076655,0.10230889349929556,0.33876511454582214,0.10039465129375458,0.05626989156007767,0.33876511454582214,0.5019732713699341,0.5626989006996155
GridSearch_BPR,0.001559226233981387,0.007082065881948949,0.007048912691362618,0.001607952053793305,0.004356088291185488,0.003932173658821826,0.0015348633240754275,0.020062856307557376,0.03634946157969108
GridSearch_EASEᴿ,0.07260147151975833,0.04684188133976158,0.03404223924981182,0.07528139160941383,0.028855430492617656,0.019061540710422015,0.0713589631145544,0.1323198362812454,0.17285971836476152
MostPop,0.001559226233981387,0.007082065881948949,0.007048912691362618,0.001607952053793305,0.004356088291185488,0.003932173658821826,0.0015348633240754275,0.020062856307557376,0.03634946157969108
USEM2ITM,0.0014003819087520242,0.006874601899956659,0.008703200131162138,0.0014003819087520242,0.004124761093407869,0.004786760080605745,0.0014003819087520242,0.02062380686402321,0.04786759987473488
