epoch,loss,lr,output_rst_accuracy,output_rst_loss,output_rst_top_10,output_rst_top_5,valor_model_loss,valor_model_mean_absolute_error
0,5.522648334503174,0.00099901,0.1196591854095459,4.866506576538086,0.35020753741264343,0.2622889280319214,0.6561394929885864,0.6037783622741699
1,4.228635311126709,0.00099802,0.24471770226955414,3.822929620742798,0.6004494428634644,0.48075902462005615,0.40570613741874695,0.49863201379776
2,3.713050127029419,0.0009970301,0.28344932198524475,3.352308750152588,0.6849349141120911,0.55887770652771,0.3607409596443176,0.47132402658462524
3,3.497509002685547,0.0009960401,0.303923100233078,3.173649311065674,0.71090167760849,0.5891826152801514,0.32385966181755066,0.44727420806884766
4,3.3600404262542725,0.0009950501,0.3172185719013214,3.0710854530334473,0.7209200859069824,0.6028525829315186,0.28895431756973267,0.4245072603225708
5,3.24426531791687,0.0009940601,0.3312942683696747,2.9844212532043457,0.7318123579025269,0.6178958415985107,0.25984275341033936,0.4030178487300873
6,3.1625242233276367,0.0009930701,0.33965855836868286,2.935032606124878,0.7355263829231262,0.6239505410194397,0.2274916172027588,0.3757968842983246
