Model,NDCG@-1,NDCG@1,NDCG@10,F1@1,F1@5,F1@10,Precision@1,Precision@5,Precision@10,Recall@1,Recall@5,Recall@10
ATT2ITM,0.5967362523078918,0.2937880754470825,0.5570669770240784,0.2937880754470825,0.23548518452379433,0.14390433327225613,0.2937880754470825,0.14129111170768738,0.07914738357067108,0.2937880754470825,0.7064555287361145,0.7914738059043884
BOW2ITM,0.5321927070617676,0.23020707070827484,0.47951173782348633,0.22947624325752258,0.20617133585943115,0.12924371819850827,0.22947624325752258,0.12370280176401138,0.07108404487371445,0.22947624325752258,0.6185140013694763,0.7108404636383057
GridSearch_BPR,0.301997334389695,0.08946905250806689,0.1841830038196574,0.08868680942602912,0.07030758915475913,0.052313189890192804,0.08946905250806689,0.042358462892343886,0.02883543561161593,0.08829568788501027,0.20881001271145005,0.28463870147648385
GridSearch_EASEᴿ,0.7129588476703855,0.6210032267527134,0.6739866700298976,0.6107362863009685,0.2436233220187529,0.13600772943689052,0.6210032267527134,0.14825462012319757,0.07544734526253749,0.6058570450767576,0.7076366480883935,0.7194680747042145
MostPop,0.3026963482068906,0.09064241713112349,0.1846579398262904,0.08995795443434046,0.07030758915475913,0.052313189890192804,0.09064241713112349,0.042358462892343886,0.02883543561161593,0.08961572308594896,0.20881001271145005,0.28463870147648385
USEM2ITM,0.29647839069366455,0.07844092696905136,0.1880343109369278,0.07844092696905136,0.06252537771231598,0.06005979421710179,0.07844092696905136,0.03751522675156593,0.03303288668394089,0.07844092696905136,0.18757613003253937,0.33032888174057007
