Model,NDCG@-1,NDCG@1,NDCG@10,F1@1,F1@5,F1@10,Precision@1,Precision@5,Precision@10,Recall@1,Recall@5,Recall@10
ATT2ITM,0.5967362523078918,0.2937880754470825,0.5570669770240784,0.2937880754470825,0.23548518452379433,0.14390433327225613,0.2937880754470825,0.14129111170768738,0.07914738357067108,0.2937880754470825,0.7064555287361145,0.7914738059043884
BOW2ITM,0.5321927070617676,0.23020707070827484,0.47951173782348633,0.22947624325752258,0.20617133585943115,0.12924371819850827,0.22947624325752258,0.12370280176401138,0.07108404487371445,0.22947624325752258,0.6185140013694763,0.7108404636383057
GridSearch_BPR,0.2929233566229258,0.08242730720606826,0.17093627385058568,0.08209018120522546,0.06443922701824165,0.048220511052370296,0.08242730720606826,0.038735777496839395,0.026548672566371258,0.08192161820480405,0.19241466498103665,0.2638432364096081
GridSearch_EASEᴿ,0.7108628431374081,0.62275600505689,0.6751238637089253,0.6134850400337131,0.24245379567757255,0.13529508839243476,0.62275600505689,0.14735777496839345,0.074993678887484,0.6090686894226718,0.7062368310155922,0.718204804045512
MostPop,0.291451938465512,0.08242730720606826,0.17032379672101153,0.08209018120522546,0.06443922701824165,0.048220511052370296,0.08242730720606826,0.038735777496839395,0.026548672566371258,0.08192161820480405,0.19241466498103665,0.2638432364096081
USEM2ITM,0.29647839069366455,0.07844092696905136,0.1880343109369278,0.07844092696905136,0.06252537771231598,0.06005979421710179,0.07844092696905136,0.03751522675156593,0.03303288668394089,0.07844092696905136,0.18757613003253937,0.33032888174057007
