Model,NDCG@-1,NDCG@1,NDCG@10,F1@1,F1@5,F1@10,Precision@1,Precision@5,Precision@10,Recall@1,Recall@5,Recall@10
ATT2ITM,0.8823725581169128,0.7629581689834595,0.8762820959091187,0.7629581689834595,0.3164568783508407,0.17712295055389404,0.7629581689834595,0.18987412750720978,0.09741762280464172,0.7629581689834595,0.9493706226348877,0.9741762280464172
BOW2ITM,0.8549696207046509,0.7160310745239258,0.8464776873588562,0.7159385681152344,0.30895963476763827,0.1750866667298246,0.7159385681152344,0.18537577986717224,0.09629766643047333,0.7159385681152344,0.9268789291381836,0.9629766941070557
GridSearch_BPR,0.45423502185471615,0.16495770315303768,0.35793111769840125,0.1407259229420211,0.15993524547741383,0.1409964382190487,0.16495770315303768,0.10384516790567079,0.08174826967445033,0.1309415473443928,0.40456339033947347,0.6195133116050828
GridSearch_EASEᴿ,0.47844641119768644,0.18943860548577288,0.38776630514078425,0.1629729658247985,0.1775575353183621,0.14641627564764897,0.18943860548577288,0.11579082286593959,0.08496539348885755,0.15229718265157902,0.4445815175595998,0.6405584343452838
MostPop,0.45424099182807554,0.16495770315303768,0.35793111769840125,0.1407259229420211,0.15993524547741383,0.1409964382190487,0.16495770315303768,0.10384516790567079,0.08174826967445033,0.1309415473443928,0.40456339033947347,0.6195133116050828
USEM2ITM,0.8859732151031494,0.7731395959854126,0.8794039487838745,0.7731395959854126,0.31633344872130287,0.17660126065419726,0.7731395959854126,0.18980006873607635,0.09713069349527359,0.7731395959854126,0.949000358581543,0.9713069200515747
