Model,F1@-1,F1@1,F1@5,F1@10,Recall@-1,Recall@1,Recall@5,Recall@10,Precision@-1,Precision@1,Precision@5,Precision@10,NDCG@-1,NDCG@1,NDCG@10
ATT2ITM,0.02063531886013154,0.4052196145057678,0.187014639377594,0.11279440049297554,0.7852323651313782,0.4052196145057678,0.561043918132782,0.6203691959381104,0.010455034673213959,0.4052196145057678,0.1122087836265564,0.062036920338869095,0.5706554651260376,0.40534690022468567,0.5075834393501282
BOW2ITM,0.004571383835151833,0.33876511454582214,0.16732441965076655,0.10230889349929556,0.9348185658454895,0.33876511454582214,0.5019732713699341,0.5626989006996155,0.0022912942804396152,0.33876511454582214,0.10039465129375458,0.05626989156007767,0.5173241496086121,0.3392743468284607,0.44526156783103943
GridSearch_BPR,0.002097877675954699,0.0014660069635330768,0.0072460448353796475,0.007145885770817039,1.0,0.0014431006047278725,0.020535550668865674,0.03692505039398938,0.0010501718779078561,0.0015118196811434853,0.0044529961517317095,0.003985706432105572,0.1441685524786791,0.0015118196811434853,0.01700019436593831
GridSearch_EASEᴿ,0.002097877675954699,0.07808777716694158,0.05068642721886208,0.037177293798377496,1.0,0.07687374015026571,0.14416345977643394,0.18995621613131233,0.0010501718779078561,0.08067619571192963,0.031115997800988976,0.020794392523363913,0.24228527864755475,0.08067619571192963,0.1285566616173736
MF,0.002097877675954699,0.0,0.0015576323987538945,0.0014201942459226673,1.0,0.0,0.004672897196261682,0.007696536558548653,0.0010501718779078561,0.0,0.0009345794392523369,0.0007833974711379874,0.12376030894467378,0.0,0.003728149147562483
MostPop,0.002097877675954699,0.0014660069635330768,0.0072460448353796475,0.007145885770817039,1.0,0.0014431006047278725,0.020535550668865674,0.03692505039398938,0.0010501718779078561,0.0015118196811434853,0.0044529961517317095,0.003985706432105572,0.14398137928023386,0.0015118196811434853,0.01700019436593831
USEM2ITM,0.0037685094996620793,0.0014003819087520242,0.006874601899956659,0.008703200131162138,0.4888606071472168,0.0014003819087520242,0.02062380686402321,0.04786759987473488,0.0018915454857051373,0.0014003819087520242,0.004124761093407869,0.004786760080605745,0.14771363139152527,0.0014003819087520242,0.019826114177703857
