Model,NDCG@-1,NDCG@1,NDCG@10,F1@1,F1@5,F1@10,Precision@1,Precision@5,Precision@10,Recall@1,Recall@5,Recall@10
ATT2ITM,0.4737207591533661,0.28544968366622925,0.39603713154792786,0.28546878695487976,0.14990770609842405,0.09500234654127074,0.28546878695487976,0.08994462341070175,0.052251290529966354,0.28546878695487976,0.44972312450408936,0.5225129127502441
BOW2ITM,0.4205440580844879,0.23521099984645844,0.33723020553588867,0.2355356067419052,0.12908790301945475,0.08262884863151991,0.2355356067419052,0.07745274156332016,0.045445866882801056,0.2355356067419052,0.3872637152671814,0.45445865392684937
GridSearch_BPR,0.1420312548045997,0.014176219222681951,0.020968012111327827,0.01117913004120477,0.009419967431349806,0.007850429780034815,0.014176219222681951,0.006504781930407571,0.0047310588075695735,0.010212498905288308,0.022216982971343942,0.03216443619793199
GridSearch_EASEᴿ,0.1560356507025002,0.018110289628976463,0.03509044157657077,0.014183512780037771,0.01633973207490871,0.01428811920364162,0.018110289628976463,0.01126636369802584,0.008658346333853019,0.012923404631184195,0.038642550308360835,0.057578942221693956
MostPop,0.14204872027899648,0.014176219222681951,0.02116710530534867,0.01117913004120477,0.009419967431349806,0.007999242369568078,0.014176219222681951,0.006504781930407571,0.004819236247710653,0.010212498905288308,0.022216982971343942,0.03280613286146952
USEM2ITM,0.42581450939178467,0.24090127646923065,0.3411957621574402,0.24093946814537048,0.12997263297438616,0.0831808622710961,0.24093946814537048,0.07798358052968979,0.0457494743168354,0.24093946814537048,0.38991788029670715,0.45749473571777344
