Model,NDCG@-1,NDCG@1,NDCG@10,F1@1,F1@5,F1@10,Precision@1,Precision@5,Precision@10,Recall@1,Recall@5,Recall@10
ATT2ITM,0.4737207591533661,0.28544968366622925,0.39603713154792786,0.28546878695487976,0.14990770609842405,0.09500234654127074,0.28546878695487976,0.08994462341070175,0.052251290529966354,0.28546878695487976,0.44972312450408936,0.5225129127502441
BOW2ITM,0.4205440580844879,0.23521099984645844,0.33723020553588867,0.2355356067419052,0.12908790301945475,0.08262884863151991,0.2355356067419052,0.07745274156332016,0.045445866882801056,0.2355356067419052,0.3872637152671814,0.45445865392684937
GridSearch_BPR,0.13791598294079788,0.011933879854858219,0.019864690000070236,0.010037929935793125,0.008678215449983588,0.007252761336722222,0.011933879854858219,0.005773417551404282,0.004254804461765768,0.009359077933747689,0.02164635612219744,0.03203125325108064
GridSearch_EASEᴿ,0.15816835952012034,0.019862921650315817,0.040528230488395024,0.01665776995033817,0.018583238839477302,0.015881571539654755,0.019862921650315817,0.012412310173363332,0.009431528020427665,0.015528809887648433,0.04619827762780311,0.06778640865698547
MostPop,0.1379119845331744,0.011933879854858219,0.019864690000070236,0.010037929935793125,0.008678215449983588,0.007252761336722222,0.011933879854858219,0.005773417551404282,0.004254804461765768,0.009359077933747689,0.02164635612219744,0.03203125325108064
USEM2ITM,0.42581436038017273,0.24090127646923065,0.3411957621574402,0.24093946814537048,0.12997263297438616,0.0831808622710961,0.24093946814537048,0.07798358052968979,0.0457494743168354,0.24093946814537048,0.38991788029670715,0.45749473571777344
