Model,F1@1,F1@5,F1@10,Precision@1,Precision@5,Precision@10,Recall@1,Recall@5,Recall@10
ATT2ITM,0.4328436851501465,0.20996014277140299,0.12768542175450598,0.4328436851501465,0.1259760856628418,0.07022698223590851,0.4328436851501465,0.629880428314209,0.7022697925567627
BOW2ITM,0.3885764181613922,0.1927653091649214,0.11851490972455864,0.3885764181613922,0.1156591847538948,0.06518319994211197,0.3885764181613922,0.5782959461212158,0.6518320441246033
GridSearch_BPR,0.017207015592536856,0.023732954254387362,0.020101452279447107,0.020214902045910893,0.015488142399739327,0.011664948173876047,0.016092185698605623,0.06051943593971094,0.09060548662427195
GridSearch_EASEᴿ,0.026738371347943563,0.029914290590077178,0.025281984143507567,0.03136701579204428,0.019607098279699,0.014736527920986942,0.02501701765519804,0.07574670852510787,0.11236200311918373
MostPop,0.017207015592536856,0.023732954254387362,0.020101452279447107,0.020214902045910893,0.015488142399739327,0.011664948173876047,0.016092185698605623,0.06051943593971094,0.09060548662427195
USEM2ITM,0.4126940667629242,0.20042228284809321,0.12270137643025926,0.4126940667629242,0.12025336921215057,0.0674857571721077,0.4126940667629242,0.6012668609619141,0.6748575568199158
