Model,NDCG@-1,NDCG@1,NDCG@10,F1@1,F1@5,F1@10,Precision@1,Precision@5,Precision@10,Recall@1,Recall@5,Recall@10
ATT2ITM,0.6156063675880432,0.4328436851501465,0.5622794032096863,0.4328436851501465,0.20996014277140299,0.12768542175450598,0.4328436851501465,0.1259760856628418,0.07022698223590851,0.4328436851501465,0.629880428314209,0.7022697925567627
BOW2ITM,0.5732586979866028,0.3882487714290619,0.5134545564651489,0.3885764181613922,0.1927653091649214,0.11851490972455864,0.3885764181613922,0.1156591847538948,0.06518319994211197,0.3885764181613922,0.5782959461212158,0.6518320441246033
GridSearch_BPR,0.1773600745322346,0.018802035152636447,0.05002014981230021,0.017273032948669314,0.02223785996097573,0.018657386945970345,0.018802035152636447,0.014061054579093466,0.01059898242368257,0.016625258799171844,0.05993482801903974,0.09013324989472807
GridSearch_EASEᴿ,0.19835301418282544,0.03459759481961147,0.07450094872678022,0.030903428465870613,0.03281546006615563,0.026938413993987678,0.03459759481961147,0.020952821461611173,0.01544403330249955,0.029474341595294436,0.0872086798812662,0.1268426586399286
MostPop,0.1773452157113918,0.018802035152636447,0.05003127265000096,0.017273032948669314,0.02223785996097573,0.018657386945970345,0.018802035152636447,0.014061054579093466,0.01059898242368257,0.016625258799171844,0.05993482801903974,0.09013324989472807
USEM2ITM,0.5954087376594543,0.41274869441986084,0.5375683307647705,0.4126940667629242,0.20041622304254106,0.12270137643025926,0.4126940667629242,0.12024973332881927,0.0674857571721077,0.4126940667629242,0.6012486815452576,0.6748575568199158
