Model,F1@-1,F1@1,F1@5,F1@10,Recall@-1,Recall@1,Recall@5,Recall@10,Precision@-1,Precision@1,Precision@5,Precision@10,NDCG@-1,NDCG@1,NDCG@10
ATT2ITM,0.03459429269424978,0.4328436851501465,0.20996014277140299,0.12768542175450598,0.800724446773529,0.4328436851501465,0.629880428314209,0.7022697925567627,0.01767904683947563,0.4328436851501465,0.1259760856628418,0.07022698223590851,0.6156063675880432,0.4328436851501465,0.5622794032096863
BOW2ITM,0.002691948806992188,0.3885764181613922,0.1927653091649214,0.11851490972455864,0.9732430577278137,0.3885764181613922,0.5782959461212158,0.6518320441246033,0.0013478384353220463,0.3885764181613922,0.1156591847538948,0.06518319994211197,0.5732586979866028,0.3882487714290619,0.5134545564651489
GridSearch_BPR,0.0012790014486683049,0.017273032948669314,0.02223785996097573,0.018657386945970345,1.0,0.016625258799171844,0.05993482801903974,0.09013324989472807,0.0006400804367632015,0.018802035152636447,0.014061054579093466,0.01059898242368257,0.1773509136263801,0.018802035152636447,0.05002014981230021
GridSearch_EASEᴿ,0.0012790014486683049,0.030903428465870617,0.03281546006615563,0.026938413993987678,1.0,0.029474341595294436,0.0872086798812662,0.1268426586399286,0.0006400804367632015,0.03459759481961147,0.020952821461611176,0.015444033302499547,0.19840157848424275,0.03459759481961147,0.07450094872678022
MF,0.0012790014486683049,0.00039976212501651907,0.0004660537581444148,0.0007362856688708823,1.0,0.0003823620104841196,0.0011630933594529392,0.0033284531820745567,0.0006400804367632015,0.00046253469010175765,0.00030989824236817725,0.0004278445883441256,0.11659993688142463,0.00046253469010175765,0.0015731982532033997
MostPop,0.0012790014486683049,0.017273032948669314,0.02223785996097573,0.018657386945970345,1.0,0.016625258799171844,0.05993482801903974,0.09013324989472807,0.0006400804367632015,0.018802035152636447,0.014061054579093466,0.01059898242368257,0.1773458557926554,0.018802035152636447,0.05003127265000097
USEM2ITM,0.002902467485191352,0.4126940667629242,0.20042228284809321,0.12270137643025926,0.9811973571777344,0.4126940667629242,0.6012668609619141,0.6748575568199158,0.0014533833600580692,0.4126940667629242,0.12025336921215057,0.0674857571721077,0.5954091548919678,0.41274869441986084,0.5375685691833496
