Model,NDCG@-1,NDCG@1,NDCG@10,F1@1,F1@5,F1@10,Precision@1,Precision@5,Precision@10,Recall@1,Recall@5,Recall@10
ATT2ITM,0.8629311323165894,0.7372226119041443,0.8548914194107056,0.7372226119041443,0.3094037133786413,0.1753530586061399,0.7372226119041443,0.18564222753047943,0.09644418209791183,0.7372226119041443,0.9282111525535583,0.9644418358802795
BOW2ITM,0.8431017398834229,0.7052791118621826,0.8319594860076904,0.7051950097084045,0.3029589851697286,0.17267836716549453,0.7051950097084045,0.18177539110183716,0.09497310221195221,0.7051950097084045,0.9088769555091858,0.9497309923171997
GridSearch_BPR,0.4518580067190288,0.1648814078041316,0.355196980255674,0.13731891479153802,0.16602721849603252,0.13709886913092798,0.1648814078041316,0.10984442744198564,0.08054067839837524,0.12694232651516432,0.4106367813864627,0.5893421669298495
GridSearch_EASEᴿ,0.47685270832558874,0.2098954348380515,0.3876693536867969,0.1773605459196269,0.17821213438422118,0.14394608598667585,0.2098954348380515,0.11764855904106902,0.0844809997449713,0.16483065067931096,0.44171956392251205,0.6187086019112927
MostPop,0.4518702347680352,0.1648814078041316,0.355196980255674,0.13731891479153802,0.16602721849603252,0.13709886913092798,0.1648814078041316,0.10984442744198564,0.08054067839837524,0.12694232651516432,0.4106367813864627,0.5893421669298495
USEM2ITM,0.8624147176742554,0.7511768937110901,0.8510051965713501,0.7511768937110901,0.3033792939451004,0.17209757458079944,0.7511768937110901,0.18202757835388184,0.0946536660194397,0.7511768937110901,0.9101378321647644,0.946536660194397
