Model,NDCG@-1,NDCG@1,NDCG@10,F1@1,F1@5,F1@10,Precision@1,Precision@5,Precision@10,Recall@1,Recall@5,Recall@10
ATT2ITM,0.8629311323165894,0.7372226119041443,0.8548914194107056,0.7372226119041443,0.3094037133786413,0.1753530586061399,0.7372226119041443,0.18564222753047943,0.09644418209791183,0.7372226119041443,0.9282111525535583,0.9644418358802795
BOW2ITM,0.8431017398834229,0.7052791118621826,0.8319594860076904,0.7051950097084045,0.3029589851697286,0.17267836716549453,0.7051950097084045,0.18177539110183716,0.09497310221195221,0.7051950097084045,0.9088769555091858,0.9497309923171997
GridSearch_BPR,0.438625570631962,0.14771976206212822,0.3446552495184699,0.13156622797170647,0.15434527772637652,0.12591698767782378,0.14771976206212822,0.09825952853052014,0.07208636263494926,0.12494054099955133,0.40888925455651515,0.589437656406535
GridSearch_EASEᴿ,0.4725018843010642,0.20246750385547477,0.3878815768424553,0.1808191671453334,0.17176341400992415,0.1347893644820494,0.20246750385547477,0.10956157743997375,0.07734082397004606,0.1720324114555989,0.4530359611683788,0.6262067582827523
MostPop,0.43863488967633774,0.14771976206212822,0.3446552495184699,0.13156622797170647,0.15434527772637652,0.12591698767782378,0.14771976206212822,0.09825952853052014,0.07208636263494926,0.12494054099955133,0.40888925455651515,0.589437656406535
USEM2ITM,0.8624147176742554,0.7511768937110901,0.8510051965713501,0.7511768937110901,0.3033792939451004,0.17209757458079944,0.7511768937110901,0.18202757835388184,0.0946536660194397,0.7511768937110901,0.9101378321647644,0.946536660194397
